<Anims>
 <anim name="idle" root="myprefab" numframes="1000" framerate="40">
  <frame idx="0" w="382" h="446" x="-30.750015" y="-111.750031">
   <element name="myprefab" layername="timeline_0" frame="0" z_index="2" m_a="2.476744" m_b="0.000000" m_c="0.000000" m_d="2.306201" m_tx="-157.261627" m_ty="-221.846893"/>
  </frame>
  <frame idx="25" w="382" h="446" x="-30.750015" y="-111.750031">
   <element name="myprefab" layername="timeline_0" frame="0" z_index="2" m_a="2.476744" m_b="0.000000" m_c="0.000000" m_d="2.306201" m_tx="-157.261627" m_ty="-221.846893"/>
  </frame>
  <frame idx="50" w="382" h="446" x="-30.750015" y="-111.750031">
   <element name="myprefab" layername="timeline_0" frame="0" z_index="2" m_a="2.476744" m_b="0.000000" m_c="0.000000" m_d="2.306201" m_tx="-157.261627" m_ty="-221.846893"/>
  </frame>
  <frame idx="75" w="382" h="446" x="-30.750015" y="-111.750031">
   <element name="myprefab" layername="timeline_0" frame="0" z_index="2" m_a="2.476744" m_b="0.000000" m_c="0.000000" m_d="2.306201" m_tx="-157.261627" m_ty="-221.846893"/>
  </frame>
  <frame idx="100" w="382" h="446" x="-30.750015" y="-111.750031">
   <element name="myprefab" layername="timeline_0" frame="0" z_index="2" m_a="2.476744" m_b="0.000000" m_c="0.000000" m_d="2.306201" m_tx="-157.261627" m_ty="-221.846893"/>
  </frame>
  <frame idx="125" w="382" h="446" x="-30.750015" y="-111.750031">
   <element name="myprefab" layername="timeline_0" frame="0" z_index="2" m_a="2.476744" m_b="0.000000" m_c="0.000000" m_d="2.306201" m_tx="-157.261627" m_ty="-221.846893"/>
  </frame>
  <frame idx="150" w="382" h="446" x="-30.750015" y="-111.750031">
   <element name="myprefab" layername="timeline_0" frame="0" z_index="2" m_a="2.476744" m_b="0.000000" m_c="0.000000" m_d="2.306201" m_tx="-157.261627" m_ty="-221.846893"/>
  </frame>
  <frame idx="175" w="382" h="446" x="-30.750015" y="-111.750031">
   <element name="myprefab" layername="timeline_0" frame="0" z_index="2" m_a="2.476744" m_b="0.000000" m_c="0.000000" m_d="2.306201" m_tx="-157.261627" m_ty="-221.846893"/>
  </frame>
  <frame idx="200" w="382" h="446" x="-30.750015" y="-111.750031">
   <element name="myprefab" layername="timeline_0" frame="0" z_index="2" m_a="2.476744" m_b="0.000000" m_c="0.000000" m_d="2.306201" m_tx="-157.261627" m_ty="-221.846893"/>
  </frame>
  <frame idx="225" w="382" h="446" x="-30.750015" y="-111.750031">
   <element name="myprefab" layername="timeline_0" frame="0" z_index="2" m_a="2.476744" m_b="0.000000" m_c="0.000000" m_d="2.306201" m_tx="-157.261627" m_ty="-221.846893"/>
  </frame>
  <frame idx="250" w="382" h="446" x="-30.750015" y="-111.750031">
   <element name="myprefab" layername="timeline_0" frame="0" z_index="2" m_a="2.476744" m_b="0.000000" m_c="0.000000" m_d="2.306201" m_tx="-157.261627" m_ty="-221.846893"/>
  </frame>
  <frame idx="275" w="382" h="446" x="-30.750015" y="-111.750031">
   <element name="myprefab" layername="timeline_0" frame="0" z_index="2" m_a="2.476744" m_b="0.000000" m_c="0.000000" m_d="2.306201" m_tx="-157.261627" m_ty="-221.846893"/>
  </frame>
  <frame idx="300" w="382" h="446" x="-30.750015" y="-111.750031">
   <element name="myprefab" layername="timeline_0" frame="0" z_index="2" m_a="2.476744" m_b="0.000000" m_c="0.000000" m_d="2.306201" m_tx="-157.261627" m_ty="-221.846893"/>
  </frame>
  <frame idx="325" w="382" h="446" x="-30.750015" y="-111.750031">
   <element name="myprefab" layername="timeline_0" frame="0" z_index="2" m_a="2.476744" m_b="0.000000" m_c="0.000000" m_d="2.306201" m_tx="-157.261627" m_ty="-221.846893"/>
  </frame>
  <frame idx="350" w="382" h="446" x="-30.750015" y="-111.750031">
   <element name="myprefab" layername="timeline_0" frame="0" z_index="2" m_a="2.476744" m_b="0.000000" m_c="0.000000" m_d="2.306201" m_tx="-157.261627" m_ty="-221.846893"/>
  </frame>
  <frame idx="375" w="382" h="446" x="-30.750015" y="-111.750031">
   <element name="myprefab" layername="timeline_0" frame="0" z_index="2" m_a="2.476744" m_b="0.000000" m_c="0.000000" m_d="2.306201" m_tx="-157.261627" m_ty="-221.846893"/>
  </frame>
  <frame idx="400" w="382" h="446" x="-30.750015" y="-111.750031">
   <element name="myprefab" layername="timeline_0" frame="0" z_index="2" m_a="2.476744" m_b="0.000000" m_c="0.000000" m_d="2.306201" m_tx="-157.261627" m_ty="-221.846893"/>
  </frame>
  <frame idx="425" w="382" h="446" x="-30.750015" y="-111.750031">
   <element name="myprefab" layername="timeline_0" frame="0" z_index="2" m_a="2.476744" m_b="0.000000" m_c="0.000000" m_d="2.306201" m_tx="-157.261627" m_ty="-221.846893"/>
  </frame>
  <frame idx="450" w="382" h="446" x="-30.750015" y="-111.750031">
   <element name="myprefab" layername="timeline_0" frame="0" z_index="2" m_a="2.476744" m_b="0.000000" m_c="0.000000" m_d="2.306201" m_tx="-157.261627" m_ty="-221.846893"/>
  </frame>
  <frame idx="475" w="382" h="446" x="-30.750015" y="-111.750031">
   <element name="myprefab" layername="timeline_0" frame="0" z_index="2" m_a="2.476744" m_b="0.000000" m_c="0.000000" m_d="2.306201" m_tx="-157.261627" m_ty="-221.846893"/>
  </frame>
  <frame idx="500" w="382" h="446" x="-30.750015" y="-111.750031">
   <element name="myprefab" layername="timeline_0" frame="0" z_index="2" m_a="2.476744" m_b="0.000000" m_c="0.000000" m_d="2.306201" m_tx="-157.261627" m_ty="-221.846893"/>
  </frame>
  <frame idx="525" w="382" h="446" x="-30.750015" y="-111.750031">
   <element name="myprefab" layername="timeline_0" frame="0" z_index="2" m_a="2.476744" m_b="0.000000" m_c="0.000000" m_d="2.306201" m_tx="-157.261627" m_ty="-221.846893"/>
  </frame>
  <frame idx="550" w="382" h="446" x="-30.750015" y="-111.750031">
   <element name="myprefab" layername="timeline_0" frame="0" z_index="2" m_a="2.476744" m_b="0.000000" m_c="0.000000" m_d="2.306201" m_tx="-157.261627" m_ty="-221.846893"/>
  </frame>
  <frame idx="575" w="382" h="446" x="-30.750015" y="-111.750031">
   <element name="myprefab" layername="timeline_0" frame="0" z_index="2" m_a="2.476744" m_b="0.000000" m_c="0.000000" m_d="2.306201" m_tx="-157.261627" m_ty="-221.846893"/>
  </frame>
  <frame idx="600" w="382" h="446" x="-30.750015" y="-111.750031">
   <element name="myprefab" layername="timeline_0" frame="0" z_index="2" m_a="2.476744" m_b="0.000000" m_c="0.000000" m_d="2.306201" m_tx="-157.261627" m_ty="-221.846893"/>
  </frame>
  <frame idx="625" w="382" h="446" x="-30.750015" y="-111.750031">
   <element name="myprefab" layername="timeline_0" frame="0" z_index="2" m_a="2.476744" m_b="0.000000" m_c="0.000000" m_d="2.306201" m_tx="-157.261627" m_ty="-221.846893"/>
  </frame>
  <frame idx="650" w="382" h="446" x="-30.750015" y="-111.750031">
   <element name="myprefab" layername="timeline_0" frame="0" z_index="2" m_a="2.476744" m_b="0.000000" m_c="0.000000" m_d="2.306201" m_tx="-157.261627" m_ty="-221.846893"/>
  </frame>
  <frame idx="675" w="382" h="446" x="-30.750015" y="-111.750031">
   <element name="myprefab" layername="timeline_0" frame="0" z_index="2" m_a="2.476744" m_b="0.000000" m_c="0.000000" m_d="2.306201" m_tx="-157.261627" m_ty="-221.846893"/>
  </frame>
  <frame idx="700" w="382" h="446" x="-30.750015" y="-111.750031">
   <element name="myprefab" layername="timeline_0" frame="0" z_index="2" m_a="2.476744" m_b="0.000000" m_c="0.000000" m_d="2.306201" m_tx="-157.261627" m_ty="-221.846893"/>
  </frame>
  <frame idx="725" w="382" h="446" x="-30.750015" y="-111.750031">
   <element name="myprefab" layername="timeline_0" frame="0" z_index="2" m_a="2.476744" m_b="0.000000" m_c="0.000000" m_d="2.306201" m_tx="-157.261627" m_ty="-221.846893"/>
  </frame>
  <frame idx="750" w="382" h="446" x="-30.750015" y="-111.750031">
   <element name="myprefab" layername="timeline_0" frame="0" z_index="2" m_a="2.476744" m_b="0.000000" m_c="0.000000" m_d="2.306201" m_tx="-157.261627" m_ty="-221.846893"/>
  </frame>
  <frame idx="775" w="382" h="446" x="-30.750015" y="-111.750031">
   <element name="myprefab" layername="timeline_0" frame="0" z_index="2" m_a="2.476744" m_b="0.000000" m_c="0.000000" m_d="2.306201" m_tx="-157.261627" m_ty="-221.846893"/>
  </frame>
  <frame idx="800" w="382" h="446" x="-30.750015" y="-111.750031">
   <element name="myprefab" layername="timeline_0" frame="0" z_index="2" m_a="2.476744" m_b="0.000000" m_c="0.000000" m_d="2.306201" m_tx="-157.261627" m_ty="-221.846893"/>
  </frame>
  <frame idx="825" w="382" h="446" x="-30.750015" y="-111.750031">
   <element name="myprefab" layername="timeline_0" frame="0" z_index="2" m_a="2.476744" m_b="0.000000" m_c="0.000000" m_d="2.306201" m_tx="-157.261627" m_ty="-221.846893"/>
  </frame>
  <frame idx="850" w="382" h="446" x="-30.750015" y="-111.750031">
   <element name="myprefab" layername="timeline_0" frame="0" z_index="2" m_a="2.476744" m_b="0.000000" m_c="0.000000" m_d="2.306201" m_tx="-157.261627" m_ty="-221.846893"/>
  </frame>
  <frame idx="875" w="382" h="446" x="-30.750015" y="-111.750031">
   <element name="myprefab" layername="timeline_0" frame="0" z_index="2" m_a="2.476744" m_b="0.000000" m_c="0.000000" m_d="2.306201" m_tx="-157.261627" m_ty="-221.846893"/>
  </frame>
  <frame idx="900" w="382" h="446" x="-30.750015" y="-111.750031">
   <element name="myprefab" layername="timeline_0" frame="0" z_index="2" m_a="2.476744" m_b="0.000000" m_c="0.000000" m_d="2.306201" m_tx="-157.261627" m_ty="-221.846893"/>
  </frame>
  <frame idx="925" w="382" h="446" x="-30.750015" y="-111.750031">
   <element name="myprefab" layername="timeline_0" frame="0" z_index="2" m_a="2.476744" m_b="0.000000" m_c="0.000000" m_d="2.306201" m_tx="-157.261627" m_ty="-221.846893"/>
  </frame>
  <frame idx="950" w="382" h="446" x="-30.750015" y="-111.750031">
   <element name="myprefab" layername="timeline_0" frame="0" z_index="2" m_a="2.476744" m_b="0.000000" m_c="0.000000" m_d="2.306201" m_tx="-157.261627" m_ty="-221.846893"/>
  </frame>
  <frame idx="975" w="382" h="446" x="-30.750015" y="-111.750031">
   <element name="myprefab" layername="timeline_0" frame="0" z_index="2" m_a="2.476744" m_b="0.000000" m_c="0.000000" m_d="2.306201" m_tx="-157.261627" m_ty="-221.846893"/>
  </frame>
 </anim>
 <anim name="open" root="myprefab" numframes="1000" framerate="40">
  <frame idx="0" w="380" h="436" x="-30.750015" y="-109.249985">
   <element name="myprefab" layername="timeline_0" frame="1" z_index="2" m_a="2.461240" m_b="0.000000" m_c="0.000000" m_d="2.251938" m_tx="-156.269379" m_ty="-216.874023"/>
  </frame>
  <frame idx="25" w="380" h="436" x="-30.750015" y="-109.249985">
   <element name="myprefab" layername="timeline_0" frame="1" z_index="2" m_a="2.461240" m_b="0.000000" m_c="0.000000" m_d="2.251938" m_tx="-156.269379" m_ty="-216.874023"/>
  </frame>
  <frame idx="50" w="380" h="436" x="-30.750015" y="-109.249985">
   <element name="myprefab" layername="timeline_0" frame="1" z_index="2" m_a="2.461240" m_b="0.000000" m_c="0.000000" m_d="2.251938" m_tx="-156.269379" m_ty="-216.874023"/>
  </frame>
  <frame idx="75" w="380" h="436" x="-30.750015" y="-109.249985">
   <element name="myprefab" layername="timeline_0" frame="1" z_index="2" m_a="2.461240" m_b="0.000000" m_c="0.000000" m_d="2.251938" m_tx="-156.269379" m_ty="-216.874023"/>
  </frame>
  <frame idx="100" w="380" h="436" x="-30.750015" y="-109.249985">
   <element name="myprefab" layername="timeline_0" frame="1" z_index="2" m_a="2.461240" m_b="0.000000" m_c="0.000000" m_d="2.251938" m_tx="-156.269379" m_ty="-216.874023"/>
  </frame>
  <frame idx="125" w="380" h="436" x="-30.750015" y="-109.249985">
   <element name="myprefab" layername="timeline_0" frame="1" z_index="2" m_a="2.461240" m_b="0.000000" m_c="0.000000" m_d="2.251938" m_tx="-156.269379" m_ty="-216.874023"/>
  </frame>
  <frame idx="150" w="380" h="436" x="-30.750015" y="-109.249985">
   <element name="myprefab" layername="timeline_0" frame="1" z_index="2" m_a="2.461240" m_b="0.000000" m_c="0.000000" m_d="2.251938" m_tx="-156.269379" m_ty="-216.874023"/>
  </frame>
  <frame idx="175" w="380" h="436" x="-30.750015" y="-109.249985">
   <element name="myprefab" layername="timeline_0" frame="1" z_index="2" m_a="2.461240" m_b="0.000000" m_c="0.000000" m_d="2.251938" m_tx="-156.269379" m_ty="-216.874023"/>
  </frame>
  <frame idx="200" w="380" h="436" x="-30.750015" y="-109.249985">
   <element name="myprefab" layername="timeline_0" frame="1" z_index="2" m_a="2.461240" m_b="0.000000" m_c="0.000000" m_d="2.251938" m_tx="-156.269379" m_ty="-216.874023"/>
  </frame>
  <frame idx="225" w="380" h="436" x="-30.750015" y="-109.249985">
   <element name="myprefab" layername="timeline_0" frame="1" z_index="2" m_a="2.461240" m_b="0.000000" m_c="0.000000" m_d="2.251938" m_tx="-156.269379" m_ty="-216.874023"/>
  </frame>
  <frame idx="250" w="380" h="436" x="-30.750015" y="-109.249985">
   <element name="myprefab" layername="timeline_0" frame="1" z_index="2" m_a="2.461240" m_b="0.000000" m_c="0.000000" m_d="2.251938" m_tx="-156.269379" m_ty="-216.874023"/>
  </frame>
  <frame idx="275" w="380" h="436" x="-30.750015" y="-109.249985">
   <element name="myprefab" layername="timeline_0" frame="1" z_index="2" m_a="2.461240" m_b="0.000000" m_c="0.000000" m_d="2.251938" m_tx="-156.269379" m_ty="-216.874023"/>
  </frame>
  <frame idx="300" w="380" h="436" x="-30.750015" y="-109.249985">
   <element name="myprefab" layername="timeline_0" frame="1" z_index="2" m_a="2.461240" m_b="0.000000" m_c="0.000000" m_d="2.251938" m_tx="-156.269379" m_ty="-216.874023"/>
  </frame>
  <frame idx="325" w="380" h="436" x="-30.750015" y="-109.249985">
   <element name="myprefab" layername="timeline_0" frame="1" z_index="2" m_a="2.461240" m_b="0.000000" m_c="0.000000" m_d="2.251938" m_tx="-156.269379" m_ty="-216.874023"/>
  </frame>
  <frame idx="350" w="380" h="436" x="-30.750015" y="-109.249985">
   <element name="myprefab" layername="timeline_0" frame="1" z_index="2" m_a="2.461240" m_b="0.000000" m_c="0.000000" m_d="2.251938" m_tx="-156.269379" m_ty="-216.874023"/>
  </frame>
  <frame idx="375" w="380" h="436" x="-30.750015" y="-109.249985">
   <element name="myprefab" layername="timeline_0" frame="1" z_index="2" m_a="2.461240" m_b="0.000000" m_c="0.000000" m_d="2.251938" m_tx="-156.269379" m_ty="-216.874023"/>
  </frame>
  <frame idx="400" w="380" h="436" x="-30.750015" y="-109.249985">
   <element name="myprefab" layername="timeline_0" frame="1" z_index="2" m_a="2.461240" m_b="0.000000" m_c="0.000000" m_d="2.251938" m_tx="-156.269379" m_ty="-216.874023"/>
  </frame>
  <frame idx="425" w="380" h="436" x="-30.750015" y="-109.249985">
   <element name="myprefab" layername="timeline_0" frame="1" z_index="2" m_a="2.461240" m_b="0.000000" m_c="0.000000" m_d="2.251938" m_tx="-156.269379" m_ty="-216.874023"/>
  </frame>
  <frame idx="450" w="380" h="436" x="-30.750015" y="-109.249985">
   <element name="myprefab" layername="timeline_0" frame="1" z_index="2" m_a="2.461240" m_b="0.000000" m_c="0.000000" m_d="2.251938" m_tx="-156.269379" m_ty="-216.874023"/>
  </frame>
  <frame idx="475" w="380" h="436" x="-30.750015" y="-109.249985">
   <element name="myprefab" layername="timeline_0" frame="1" z_index="2" m_a="2.461240" m_b="0.000000" m_c="0.000000" m_d="2.251938" m_tx="-156.269379" m_ty="-216.874023"/>
  </frame>
  <frame idx="500" w="380" h="436" x="-30.750015" y="-109.249985">
   <element name="myprefab" layername="timeline_0" frame="1" z_index="2" m_a="2.461240" m_b="0.000000" m_c="0.000000" m_d="2.251938" m_tx="-156.269379" m_ty="-216.874023"/>
  </frame>
  <frame idx="525" w="380" h="436" x="-30.750015" y="-109.249985">
   <element name="myprefab" layername="timeline_0" frame="1" z_index="2" m_a="2.461240" m_b="0.000000" m_c="0.000000" m_d="2.251938" m_tx="-156.269379" m_ty="-216.874023"/>
  </frame>
  <frame idx="550" w="380" h="436" x="-30.750015" y="-109.249985">
   <element name="myprefab" layername="timeline_0" frame="1" z_index="2" m_a="2.461240" m_b="0.000000" m_c="0.000000" m_d="2.251938" m_tx="-156.269379" m_ty="-216.874023"/>
  </frame>
  <frame idx="575" w="380" h="436" x="-30.750015" y="-109.249985">
   <element name="myprefab" layername="timeline_0" frame="1" z_index="2" m_a="2.461240" m_b="0.000000" m_c="0.000000" m_d="2.251938" m_tx="-156.269379" m_ty="-216.874023"/>
  </frame>
  <frame idx="600" w="380" h="436" x="-30.750015" y="-109.249985">
   <element name="myprefab" layername="timeline_0" frame="1" z_index="2" m_a="2.461240" m_b="0.000000" m_c="0.000000" m_d="2.251938" m_tx="-156.269379" m_ty="-216.874023"/>
  </frame>
  <frame idx="625" w="380" h="436" x="-30.750015" y="-109.249985">
   <element name="myprefab" layername="timeline_0" frame="1" z_index="2" m_a="2.461240" m_b="0.000000" m_c="0.000000" m_d="2.251938" m_tx="-156.269379" m_ty="-216.874023"/>
  </frame>
  <frame idx="650" w="380" h="436" x="-30.750015" y="-109.249985">
   <element name="myprefab" layername="timeline_0" frame="1" z_index="2" m_a="2.461240" m_b="0.000000" m_c="0.000000" m_d="2.251938" m_tx="-156.269379" m_ty="-216.874023"/>
  </frame>
  <frame idx="675" w="380" h="436" x="-30.750015" y="-109.249985">
   <element name="myprefab" layername="timeline_0" frame="1" z_index="2" m_a="2.461240" m_b="0.000000" m_c="0.000000" m_d="2.251938" m_tx="-156.269379" m_ty="-216.874023"/>
  </frame>
  <frame idx="700" w="380" h="436" x="-30.750015" y="-109.249985">
   <element name="myprefab" layername="timeline_0" frame="1" z_index="2" m_a="2.461240" m_b="0.000000" m_c="0.000000" m_d="2.251938" m_tx="-156.269379" m_ty="-216.874023"/>
  </frame>
  <frame idx="725" w="380" h="436" x="-30.750015" y="-109.249985">
   <element name="myprefab" layername="timeline_0" frame="1" z_index="2" m_a="2.461240" m_b="0.000000" m_c="0.000000" m_d="2.251938" m_tx="-156.269379" m_ty="-216.874023"/>
  </frame>
  <frame idx="750" w="380" h="436" x="-30.750015" y="-109.249985">
   <element name="myprefab" layername="timeline_0" frame="1" z_index="2" m_a="2.461240" m_b="0.000000" m_c="0.000000" m_d="2.251938" m_tx="-156.269379" m_ty="-216.874023"/>
  </frame>
  <frame idx="775" w="380" h="436" x="-30.750015" y="-109.249985">
   <element name="myprefab" layername="timeline_0" frame="1" z_index="2" m_a="2.461240" m_b="0.000000" m_c="0.000000" m_d="2.251938" m_tx="-156.269379" m_ty="-216.874023"/>
  </frame>
  <frame idx="800" w="380" h="436" x="-30.750015" y="-109.249985">
   <element name="myprefab" layername="timeline_0" frame="1" z_index="2" m_a="2.461240" m_b="0.000000" m_c="0.000000" m_d="2.251938" m_tx="-156.269379" m_ty="-216.874023"/>
  </frame>
  <frame idx="825" w="380" h="436" x="-30.750015" y="-109.249985">
   <element name="myprefab" layername="timeline_0" frame="1" z_index="2" m_a="2.461240" m_b="0.000000" m_c="0.000000" m_d="2.251938" m_tx="-156.269379" m_ty="-216.874023"/>
  </frame>
  <frame idx="850" w="380" h="436" x="-30.750015" y="-109.249985">
   <element name="myprefab" layername="timeline_0" frame="1" z_index="2" m_a="2.461240" m_b="0.000000" m_c="0.000000" m_d="2.251938" m_tx="-156.269379" m_ty="-216.874023"/>
  </frame>
  <frame idx="875" w="380" h="436" x="-30.750015" y="-109.249985">
   <element name="myprefab" layername="timeline_0" frame="1" z_index="2" m_a="2.461240" m_b="0.000000" m_c="0.000000" m_d="2.251938" m_tx="-156.269379" m_ty="-216.874023"/>
  </frame>
  <frame idx="900" w="380" h="436" x="-30.750015" y="-109.249985">
   <element name="myprefab" layername="timeline_0" frame="1" z_index="2" m_a="2.461240" m_b="0.000000" m_c="0.000000" m_d="2.251938" m_tx="-156.269379" m_ty="-216.874023"/>
  </frame>
  <frame idx="925" w="380" h="436" x="-30.750015" y="-109.249985">
   <element name="myprefab" layername="timeline_0" frame="1" z_index="2" m_a="2.461240" m_b="0.000000" m_c="0.000000" m_d="2.251938" m_tx="-156.269379" m_ty="-216.874023"/>
  </frame>
  <frame idx="950" w="380" h="436" x="-30.750015" y="-109.249985">
   <element name="myprefab" layername="timeline_0" frame="1" z_index="2" m_a="2.461240" m_b="0.000000" m_c="0.000000" m_d="2.251938" m_tx="-156.269379" m_ty="-216.874023"/>
  </frame>
  <frame idx="975" w="380" h="436" x="-30.750015" y="-109.249985">
   <element name="myprefab" layername="timeline_0" frame="1" z_index="2" m_a="2.461240" m_b="0.000000" m_c="0.000000" m_d="2.251938" m_tx="-156.269379" m_ty="-216.874023"/>
  </frame>
 </anim>
</Anims>
